{
    "condition": "minecraft:any_of",
    "terms": [
        {
            "condition": "minecraft:location_check",
            "offsetX": -1,
            "predicate": {
                "fluid": {
                    "fluids": "minecraft:water"
                }
            }
        },
        {
            "condition": "minecraft:location_check",
            "offsetX": 1,
            "predicate": {
                "fluid": {
                    "fluids": "minecraft:water"
                }
            }
        },
        {
            "condition": "minecraft:location_check",
            "offsetZ": -1,
            "predicate": {
                "fluid": {
                    "fluids": "minecraft:water"
                }
            }
        },
        {
            "condition": "minecraft:location_check",
            "offsetZ": -1,
            "predicate": {
                "fluid": {
                    "fluids": "minecraft:water"
                }
            }
        },
        {
            "condition": "minecraft:location_check",
            "offsetY": 1,
            "predicate": {
                "fluid": {
                    "fluids": "minecraft:water"
                }
            }
        }
    ]
}
