{
  "elements": [
    {
      "element": {
        "element_type": "minecraft:legacy_single_pool_element",
        "location": "ddd:dungeon/frozen/features/zombie_spawner",
        "processors": "ddd:frosting_stone_bricks",
        "projection": "rigid"
      },
      "weight": 3
    },
    {
      "element": {
        "element_type": "minecraft:legacy_single_pool_element",
        "location": "ddd:dungeon/frozen/features/skeleton_spawner",
        "processors": "ddd:frosting_stone_bricks",
        "projection": "rigid"
      },
      "weight": 3
    },
        {
      "element": {
        "element_type": "minecraft:legacy_single_pool_element",
        "location": "ddd:dungeon/frozen/features/spider_spawner",
        "processors": "ddd:cobweb_50",
        "projection": "rigid"
      },
      "weight": 3
    },
        {
      "element": {
        "element_type": "minecraft:legacy_single_pool_element",
        "location": "ddd:dungeon/frozen/features/leather_zombie_spawner",
        "processors": "ddd:frosting_stone_bricks",
        "projection": "rigid"
      },
      "weight": 3
    },
        {
      "element": {
        "element_type": "minecraft:legacy_single_pool_element",
        "location": "ddd:dungeon/frozen/features/leather_skeleton_spawner",
        "processors": "ddd:frosting_stone_bricks",
        "projection": "rigid"
      },
      "weight": 3
    },
    {
      "element": {
        "element_type": "minecraft:legacy_single_pool_element",
        "location": "ddd:dungeon/frozen/features/cave_spider_spawner",
        "processors": "ddd:cobweb_50",
        "projection": "rigid"
      },
      "weight": 1
    },
    {
      "element": {
        "element_type": "minecraft:legacy_single_pool_element",
        "location": "ddd:dungeon/frozen/features/raw_ores",
        "processors": "ddd:raw_ores_random",
        "projection": "rigid"
      },
      "weight": 4
    }
  ],
  "fallback": "minecraft:empty"
}