{
  "type": "vault",
  "pools": [
    {
      "rolls": 1,
      "entries": [
        {
          "type": "item",
          "weight": 1,
          "name": "minecraft:ominous_trial_key",
          "functions": [
            {
              "function": "set_count",
              "count": 1
            },
            {
              "function": "set_components",
              "components": {
                "minecraft:enchantments": {
                  "levels": {
                    "minecraft:unbreaking": 3
                  }
                }
              }
            },
            {
              "function": "set_name",
              "name": [
                {
                  "text": "Ancient Ominous Key"
                }
              ]
            }
          ]
        }
      ]
    }
  ]
}