{
  "type": null,
  "pools": [
    {
      "rolls": 1,
      "entries": [
        {
          "type": "item",
          "weight": 1,
          "name": "minecraft:ominous_trial_key",
          "functions": [
            {
              "function": "set_count",
              "count": 1
            },
            {
              "function": "set_components",
              "components": {
                "minecraft:custom_model_data": 8012
              }
            },
            {
              "function": "set_name",
              "name": [
                {
                  "text": "Ominous Scorching Key"
                }
              ],
              "target": "item_name"
            }
          ]
        }
      ]
    }
  ]
}