{
  "values": [
    "minecraft:desert",
    "minecraft:badlands",
    {
     "id": "terralith:ancient_sands",
     "required": false
    },
    {
     "id": "terralith:hot_shrubland",
     "required": false
    },
    {
     "id": "terralith:lush_desert",
     "required": false
    },
    {
     "id": "terralith:desert_oasis",
     "required": false
    },
        {
     "id": "terralith:red_oasis",
     "required": false
    },
    {
     "id": "biomesoplenty:lush_desert",
     "required": false
    },
    {
     "id": "biomesoplenty:dryland",
     "required": false
    }
  ]
}