{
  "type": "minecraft:crafting_shaped",
  "pattern": [" E ", "ALA", "PPP"],
  "key": {
    "E": {
      "item": "minecraft:ender_eye"
    },
    "A": {
      "item": "minecraft:amethyst_shard"
    },
    "L": {
      "item": "minecraft:lodestone"
    },
    "P": {
      "item": "minecraft:copper_block"
    }
  },
  "result": {
    "id": "minecraft:player_head",
    "components": {
      "minecraft:custom_model_data": 11130037,
      "minecraft:lore": [
        "{\"color\":\"dark_gray\",\"italic\":false,\"fallback\":\"Copper Waystone\",\"translate\":\"item.pk_waystones.copper_waystone\"}"
      ],
      "minecraft:item_name": "{\"color\":\"yellow\",\"italic\":false,\"fallback\":\"Copper Waystone\",\"translate\":\"item.pk_waystones.copper_waystone\"}",
      "minecraft:custom_data": {
        "pk_data": {
          "custom_block": 1,
          "id": "waystone",
          "from": "waystones",
          "variant": "copper",
          "version": 11
        }
      },
      "minecraft:profile": {
        "properties": [
          {
            "name": "textures",
            "value": "eyJ0ZXh0dXJlcyI6eyJTS0lOIjp7InVybCI6Imh0dHBzOi8vdGV4dHVyZXMubWluZWNyYWZ0Lm5ldC90ZXh0dXJlL2Q0MGM2NzdmNzg3OGUwOTE0MTMyYmM1NDQ4Mzc2ZTdlZWRjOGQ3NGU5YWQzZTY3MmMzMjg1NTNkY2Q3NDQ3ZmQifX19"
          }
        ]
      }
    }
  }
}
