{
  "type": "minecraft:chest",
  "pools": [
    {
      "rolls": 1,
      "entries": [
        {
          "type": "minecraft:item",
          "name": "minecraft:diamond_helmet",
          "weight": 1,
          "functions": [
            {
              "function": "minecraft:set_enchantments",
              "enchantments": {
                "minecraft:protection": 4,
                "minecraft:unbreaking": 3,
                "minecraft:mending": 1
              }
            }
          ]
        },
        {
          "type": "minecraft:item",
          "name": "minecraft:diamond_chestplate"
        }
      ],
      "functions": [
        {
          "function": "minecraft:set_enchantments",
          "enchantments": {
            "minecraft:protection": 4,
            "minecraft:unbreaking": 3,
            "minecraft:mending": 1
          }
        }
      ]
    },
    {
      "rolls": 1,
      "entries": [
        {
          "type": "minecraft:item",
          "name": "minecraft:diamond_leggings",
          "weight": 1,
          "functions": [
            {
              "function": "minecraft:set_enchantments",
              "enchantments": {
                "minecraft:protection": 4,
                "minecraft:unbreaking": 3,
                "minecraft:mending": 1
              }
            }
          ]
        },
        {
          "type": "minecraft:item",
          "name": "minecraft:diamond_boots",
          "functions": [
            {
              "function": "minecraft:set_enchantments",
              "enchantments": {
                "minecraft:protection": 4,
                "minecraft:unbreaking": 3,
                "minecraft:feather_falling": 2,
                "minecraft:mending": 1
              }
            }
          ]
        }
      ]
    },
    {
      "rolls": 1,
      "entries": [
        {
          "type": "minecraft:item",
          "name": "minecraft:diamond_shovel",
          "weight": 1,
          "functions": [
            {
              "function": "minecraft:set_enchantments",
              "enchantments": {
                "minecraft:knockback": 8,
                "minecraft:mending": 1
              }
            },
            {
              "function": "minecraft:set_name",
              "entity": "this",
              "target": "custom_name",
              "name": "Billy's Shovel"
            },
            {
              "function": "minecraft:set_components",
              "components": {
                "minecraft:rarity": "epic"
              }
            }
          ]
        }
      ]
    }
  ]
}
