{
  "processors": [
    {
      "processor_type": "minecraft:rule",
      "rules": [
        {
          "input_predicate": {
            "block": "minecraft:cracked_stone_bricks",
            "predicate_type": "minecraft:random_block_match",
            "probability": 0.7
          },
          "location_predicate": {
            "predicate_type": "minecraft:always_true"
          },
          "output_state": {
            "Name": "minecraft:cave_air"
          }
       	},
        {
          "input_predicate": {
            "block": "minecraft:cobblestone_stairs",
            "predicate_type": "minecraft:random_block_match",
            "probability": 0.7
          },
          "location_predicate": {
            "predicate_type": "minecraft:always_true"
          },
          "output_state": {
            "Name": "minecraft:cave_air"
          }
       	},
        {
          "input_predicate": {
            "block": "minecraft:cobblestone_slab",
            "predicate_type": "minecraft:random_block_match",
            "probability": 0.7
          },
          "location_predicate": {
            "predicate_type": "minecraft:always_true"
          },
          "output_state": {
            "Name": "minecraft:cave_air"
          }
       	},
        {
          "input_predicate": {
            "block": "minecraft:cobblestone_wall",
            "predicate_type": "minecraft:random_block_match",
            "probability": 0.7
          },
          "location_predicate": {
            "predicate_type": "minecraft:always_true"
          },
          "output_state": {
            "Name": "minecraft:cave_air"
          }
       	}, 
        {
          "input_predicate": {
            "block": "minecraft:cracked_deepslate_bricks",
            "predicate_type": "minecraft:random_block_match",
            "probability": 0.7
          },
          "location_predicate": {
            "predicate_type": "minecraft:always_true"
          },
          "output_state": {
            "Name": "minecraft:cave_air"
          }
       	},
       	
        {  
          "input_predicate": {
            "block": "minecraft:cracked_stone_bricks",
            "predicate_type": "minecraft:random_block_match",
            "probability": 0.42
          },
          "location_predicate": {
            "predicate_type": "minecraft:always_true"
          },
          "output_state": {
            "Name": "minecraft:stone_bricks"
          }
        },
        
        {  
          "input_predicate": {
            "block": "minecraft:cracked_stone_bricks",
            "predicate_type": "minecraft:random_block_match",
            "probability": 0.4
          },
          "location_predicate": {
            "predicate_type": "minecraft:always_true"
          },
          "output_state": {
            "Name": "minecraft:mossy_stone_bricks"
          }
        },

        {  
          "input_predicate": {
            "block": "minecraft:stone_bricks",
            "predicate_type": "minecraft:random_block_match",
            "probability": 0.2
          },
          "location_predicate": {
            "predicate_type": "minecraft:always_true"
          },
          "output_state": {
            "Name": "minecraft:cobblestone"
          }
        },
        
        {  
          "input_predicate": {
            "block": "minecraft:stone_bricks",
            "predicate_type": "minecraft:random_block_match",
            "probability": 0.4
          },
          "location_predicate": {
            "predicate_type": "minecraft:always_true"
          },
          "output_state": {
            "Name": "minecraft:mossy_cobblestone"
          }
        },
      
        {
          "input_predicate": {
            "block": "minecraft:stone_bricks",
            "predicate_type": "minecraft:random_block_match",
            "probability": 0.4
          },
          "location_predicate": {
            "predicate_type": "minecraft:always_true"
          },
          "output_state": {
            "Name": "minecraft:mossy_stone_bricks"
          }
       	},
       	
        {  
          "input_predicate": {
            "block": "minecraft:stone_bricks",
            "predicate_type": "minecraft:random_block_match",
            "probability": 0.3
          },
          "location_predicate": {
            "predicate_type": "minecraft:always_true"
          },
          "output_state": {
            "Name": "minecraft:cracked_stone_bricks"
          }
        },
               
        {  
          "input_predicate": {
            "block": "minecraft:stone_bricks",
            "predicate_type": "minecraft:random_block_match",
            "probability": 0.1
          },
          "location_predicate": {
            "predicate_type": "minecraft:always_true"
          },
          "output_state": {
            "Name": "minecraft:polished_andesite"
          }
        },
        
        {  
          "input_predicate": {
            "block": "minecraft:stone_bricks",
            "predicate_type": "minecraft:random_block_match",
            "probability": 0.1
          },
          "location_predicate": {
            "predicate_type": "minecraft:always_true"
          },
          "output_state": {
            "Name": "minecraft:chiseled_stone_bricks"
          }
        },
        {  
          "input_predicate": {
            "block": "minecraft:stone_brick_wall",
            "predicate_type": "minecraft:random_block_match",
            "probability": 0.4
          },
          "location_predicate": {
            "predicate_type": "minecraft:always_true"
          },
          "output_state": {
            "Name": "minecraft:mossy_stone_brick_wall"
          }
        },
        {  
          "input_predicate": {
            "block": "minecraft:stone_brick_wall",
            "predicate_type": "minecraft:random_block_match",
            "probability": 0.2
          },
          "location_predicate": {
            "predicate_type": "minecraft:always_true"
          },
          "output_state": {
            "Name": "minecraft:cobblestone_wall"
          }
        },
        {  
          "input_predicate": {
            "block": "minecraft:stone_brick_wall",
            "predicate_type": "minecraft:random_block_match",
            "probability": 0.2
          },
          "location_predicate": {
            "predicate_type": "minecraft:always_true"
          },
          "output_state": {
            "Name": "minecraft:mossy_cobblestone_wall"
          }
        }
        
      ]
    }
  ]
}