{
  "processors": [
    {
      "processor_type": "minecraft:rule",
      "rules": [
     	            
        {
          "input_predicate": {
            "block": "minecraft:deepslate_bricks",
            "predicate_type": "minecraft:random_block_match",
            "probability": 1
          },
          "location_predicate": {
            "predicate_type": "minecraft:always_true"
          },
          "output_state": {
            "Name": "minecraft:stone_bricks"
          }
       	}
      ]
    }
  ]
}