{
  "processors": [
    {
      "processor_type": "minecraft:rule",
      "rules": [
     	            
        {
          "input_predicate": {
            "block": "minecraft:stone",
            "predicate_type": "minecraft:random_block_match",
            "probability": 0.2
          },
          "location_predicate": {
            "predicate_type": "minecraft:always_true"
          },
          "output_state": {
            "Name": "minecraft:cobblestone"
          }
       	},
       	
        {  
          "input_predicate": {
            "block": "minecraft:stone",
            "predicate_type": "minecraft:random_block_match",
            "probability": 0.1
          },
          "location_predicate": {
            "predicate_type": "minecraft:always_true"
          },
          "output_state": {
            "Name": "minecraft:granite"
          }
        },
		{  
		  "input_predicate": {
		    "block": "minecraft:stone",
		    "predicate_type": "minecraft:random_block_match",
		    "probability": 0.1
		  },
		  "location_predicate": {
		    "predicate_type": "minecraft:always_true"
		  },
		  "output_state": {
		    "Name": "minecraft:white_wool"
		  }
		},
		
		 {
		    "input_predicate": {
		        "predicate_type": "minecraft:random_blockstate_match",
		        "block_state": {
		            "Name": "stone_stairs",
		            "Properties": {
		                "facing": "north",
		                "half": "top"
		            }
		        },
		        "probability": 0.3
		    },
		    "location_predicate": {
		        "predicate_type": "minecraft:always_true"
		    },
		    "output_state": {
		        "Name": "minecraft:cobblestone_stairs",
		        "Properties": {
		            "facing": "north",
		            "half": "top"
		        }
		    }
		},
		{
		    "input_predicate": {
		        "predicate_type": "minecraft:random_blockstate_match",
		        "block_state": {
		            "Name": "stone_stairs",
		            "Properties": {
		                "facing": "north",
		                "half": "bottom"
		            }
		        },
		        "probability": 0.3
		    },
		    "location_predicate": {
		        "predicate_type": "minecraft:always_true"
		    },
		    "output_state": {
		        "Name": "minecraft:cobblestone_stairs",
		        "Properties": {
		            "facing": "north",
		            "half": "bottom"
		        }
		    }
		},
		{
		    "input_predicate": {
		        "predicate_type": "minecraft:random_blockstate_match",
		        "block_state": {
		            "Name": "stone_stairs",
		            "Properties": {
		                "facing": "west",
		                "half": "top"
		            }
		        },
		        "probability": 0.3
		    },
		    "location_predicate": {
		        "predicate_type": "minecraft:always_true"
		    },
		    "output_state": {
		        "Name": "minecraft:cobblestone_stairs",
		        "Properties": {
		            "facing": "west",
		            "half": "top"
		        }
		    }
		},
		{
		    "input_predicate": {
		        "predicate_type": "minecraft:random_blockstate_match",
		        "block_state": {
		            "Name": "stone_stairs",
		            "Properties": {
		                "facing": "west",
		                "half": "bottom"
		            }
		        },
		        "probability": 0.3
		    },
		    "location_predicate": {
		        "predicate_type": "minecraft:always_true"
		    },
		    "output_state": {
		        "Name": "minecraft:cobblestone_stairs",
		        "Properties": {
		            "facing": "west",
		            "half": "bottom"
		        }
		    }
		},
		{
		    "input_predicate": {
		        "predicate_type": "minecraft:random_blockstate_match",
		        "block_state": {
		            "Name": "stone_stairs",
		            "Properties": {
		                "facing": "east",
		                "half": "top"
		            }
		        },
		        "probability": 0.3
		    },
		    "location_predicate": {
		        "predicate_type": "minecraft:always_true"
		    },
		    "output_state": {
		        "Name": "minecraft:cobblestone_stairs",
		        "Properties": {
		            "facing": "east",
		            "half": "top"
		        }
		    }
		},
		{
		    "input_predicate": {
		        "predicate_type": "minecraft:random_blockstate_match",
		        "block_state": {
		            "Name": "stone_stairs",
		            "Properties": {
		                "facing": "east",
		                "half": "bottom"
		            }
		        },
		        "probability": 0.3
		    },
		    "location_predicate": {
		        "predicate_type": "minecraft:always_true"
		    },
		    "output_state": {
		        "Name": "minecraft:cobblestone_stairs",
		        "Properties": {
		            "facing": "east",
		            "half": "bottom"
		        }
		    }
		},
		{
		    "input_predicate": {
		        "predicate_type": "minecraft:random_blockstate_match",
		        "block_state": {
		            "Name": "stone_stairs",
		            "Properties": {
		                "facing": "south",
		                "half": "top"
		            }
		        },
		        "probability": 0.3
		    },
		    "location_predicate": {
		        "predicate_type": "minecraft:always_true"
		    },
		    "output_state": {
		        "Name": "minecraft:cobblestone_stairs",
		        "Properties": {
		            "facing": "south",
		            "half": "top"
		        }
		    }
		},
		{
		    "input_predicate": {
		        "predicate_type": "minecraft:random_blockstate_match",
		        "block_state": {
		            "Name": "stone_stairs",
		            "Properties": {
		                "facing": "south",
		                "half": "bottom"
		            }
		        },
		        "probability": 0.3
		    },
		    "location_predicate": {
		        "predicate_type": "minecraft:always_true"
		    },
		    "output_state": {
		        "Name": "minecraft:cobblestone_stairs",
		        "Properties": {
		            "facing": "south",
		            "half": "bottom"
		        }
		    }
		},
		
		{
		    "input_predicate": {
		        "predicate_type": "minecraft:random_blockstate_match",
		        "block_state": {
		            "Name": "stone_slab",
		            "Properties": {
		                "type": "bottom"
		            }
		        },
		        "probability": 0.3
		    },
		    "location_predicate": {
		        "predicate_type": "minecraft:always_true"
		    },
		    "output_state": {
		        "Name": "minecraft:cobblestone_slab",
		        "Properties": {
		            "type": "bottom"
		        }
		    }
		},
		{
		    "input_predicate": {
		        "predicate_type": "minecraft:random_blockstate_match",
		        "block_state": {
		            "Name": "stone_slab",
		            "Properties": {
		                "type": "top"
		            }
		        },
		        "probability": 0.3
		    },
		    "location_predicate": {
		        "predicate_type": "minecraft:always_true"
		    },
		    "output_state": {
		        "Name": "minecraft:cobblestone_slab",
		        "Properties": {
		            "type": "top"
		        }
		    }
		}
		
      ]
    }
  ]
}