{
  "processors": [
    {
      "processor_type": "minecraft:rule",
      "rules": [
        
		{
		  "input_predicate": {
		    "block": "minecraft:blue_concrete",
		    "predicate_type": "minecraft:random_block_match",
		    "probability": 1
		  },
		  "location_predicate": {
		    "predicate_type": "minecraft:always_true"
		  },
		  "output_state": {
		    "Name": "minecraft:cave_air"
		  }
		},
		{
          "input_predicate": {
            "block": "minecraft:cracked_stone_bricks",
            "predicate_type": "minecraft:random_block_match",
            "probability": 0.7
          },
          "location_predicate": {
            "predicate_type": "minecraft:always_true"
          },
          "output_state": {
            "Name": "minecraft:cave_air"
          }
       	},
       	
        {
          "input_predicate": {
            "block": "minecraft:cobblestone_stairs",
            "predicate_type": "minecraft:random_block_match",
            "probability": 0.7
          },
          "location_predicate": {
            "predicate_type": "minecraft:always_true"
          },
          "output_state": {
            "Name": "minecraft:cave_air"
          }
       	},
        {
          "input_predicate": {
            "block": "minecraft:cobblestone_slab",
            "predicate_type": "minecraft:random_block_match",
            "probability": 0.7
          },
          "location_predicate": {
            "predicate_type": "minecraft:always_true"
          },
          "output_state": {
            "Name": "minecraft:cave_air"
          }
       	},
        {
          "input_predicate": {
            "block": "minecraft:cobblestone_wall",
            "predicate_type": "minecraft:random_block_match",
            "probability": 0.7
          },
          "location_predicate": {
            "predicate_type": "minecraft:always_true"
          },
          "output_state": {
            "Name": "minecraft:cave_air"
          }
       	},      	
       	
        {  
          "input_predicate": {
            "block": "minecraft:cracked_stone_bricks",
            "predicate_type": "minecraft:random_block_match",
            "probability": 0.42
          },
          "location_predicate": {
            "predicate_type": "minecraft:always_true"
          },
          "output_state": {
            "Name": "minecraft:stone_bricks"
          }
        },
        
        {  
          "input_predicate": {
            "block": "minecraft:cracked_stone_bricks",
            "predicate_type": "minecraft:random_block_match",
            "probability": 0.4
          },
          "location_predicate": {
            "predicate_type": "minecraft:always_true"
          },
          "output_state": {
            "Name": "minecraft:mossy_stone_bricks"
          }
        },
        
        {
          "input_predicate": {
            "block": "minecraft:stone_bricks",
            "predicate_type": "minecraft:random_block_match",
            "probability": 0.3
          },
          "location_predicate": {
            "predicate_type": "minecraft:always_true"
          },
          "output_state": {
            "Name": "minecraft:mossy_stone_bricks"
          }
       	},
       	
        {  
          "input_predicate": {
            "block": "minecraft:stone_bricks",
            "predicate_type": "minecraft:random_block_match",
            "probability": 0.3
          },
          "location_predicate": {
            "predicate_type": "minecraft:always_true"
          },
          "output_state": {
            "Name": "minecraft:cracked_stone_bricks"
          }
        },
               
        {  
          "input_predicate": {
            "block": "minecraft:stone_bricks",
            "predicate_type": "minecraft:random_block_match",
            "probability": 0.1
          },
          "location_predicate": {
            "predicate_type": "minecraft:always_true"
          },
          "output_state": {
            "Name": "minecraft:polished_andesite"
          }
        },
        
        {  
          "input_predicate": {
            "block": "minecraft:stone_bricks",
            "predicate_type": "minecraft:random_block_match",
            "probability": 0.2
          },
          "location_predicate": {
            "predicate_type": "minecraft:always_true"
          },
          "output_state": {
            "Name": "minecraft:cobblestone"
          }
        },
        
        {  
          "input_predicate": {
            "block": "minecraft:stone_bricks",
            "predicate_type": "minecraft:random_block_match",
            "probability": 0.2
          },
          "location_predicate": {
            "predicate_type": "minecraft:always_true"
          },
          "output_state": {
            "Name": "minecraft:mossy_cobblestone"
          }
        },
        
        {  
          "input_predicate": {
            "block": "minecraft:stone_bricks",
            "predicate_type": "minecraft:random_block_match",
            "probability": 0.1
          },
          "location_predicate": {
            "predicate_type": "minecraft:always_true"
          },
          "output_state": {
            "Name": "minecraft:chiseled_stone_bricks"
          }
        },
        

 		{
        "input_predicate": {
            "predicate_type": "minecraft:random_blockstate_match",
            "block_state": {
                "Name": "stone_brick_wall",
                "Properties": {
                    "nord": "none",
                    "sud": "none",
                    "east": "none",
                    "west": "none",
                    "up": "none"
                }
            },
            "probability": 0.4
        },
        "location_predicate": {
            "predicate_type": "minecraft:always_true"
        },
        "output_state": {
            "Name": "minecraft:mossy_stone_brick_wall",
            "Properties": {
                "nord": "none",
                "sud": "none",
                "east": "none",
                "west": "none",
                "up": "none"
            }
        }
    },
    {
        "input_predicate": {
            "predicate_type": "minecraft:random_blockstate_match",
            "block_state": {
                "Name": "stone_brick_wall",
                "Properties": {
                    "nord": "none",
                    "sud": "none",
                    "east": "none",
                    "west": "none",
                    "up": "true"
                }
            },
            "probability": 0.4
        },
        "location_predicate": {
            "predicate_type": "minecraft:always_true"
        },
        "output_state": {
            "Name": "minecraft:mossy_stone_brick_wall",
            "Properties": {
                "nord": "none",
                "sud": "none",
                "east": "none",
                "west": "none",
                "up": "true"
            }
        }
    },
    {
        "input_predicate": {
            "predicate_type": "minecraft:random_blockstate_match",
            "block_state": {
                "Name": "stone_brick_wall",
                "Properties": {
                    "nord": "none",
                    "sud": "none",
                    "east": "none",
                    "west": "true",
                    "up": "none"
                }
            },
            "probability": 0.4
        },
        "location_predicate": {
            "predicate_type": "minecraft:always_true"
        },
        "output_state": {
            "Name": "minecraft:mossy_stone_brick_wall",
            "Properties": {
                "nord": "none",
                "sud": "none",
                "east": "none",
                "west": "true",
                "up": "none"
            }
        }
    },
    {
        "input_predicate": {
            "predicate_type": "minecraft:random_blockstate_match",
            "block_state": {
                "Name": "stone_brick_wall",
                "Properties": {
                    "nord": "none",
                    "sud": "none",
                    "east": "none",
                    "west": "true",
                    "up": "true"
                }
            },
            "probability": 0.4
        },
        "location_predicate": {
            "predicate_type": "minecraft:always_true"
        },
        "output_state": {
            "Name": "minecraft:mossy_stone_brick_wall",
            "Properties": {
                "nord": "none",
                "sud": "none",
                "east": "none",
                "west": "true",
                "up": "true"
            }
        }
    },
    {
        "input_predicate": {
            "predicate_type": "minecraft:random_blockstate_match",
            "block_state": {
                "Name": "stone_brick_wall",
                "Properties": {
                    "nord": "none",
                    "sud": "none",
                    "east": "true",
                    "west": "none",
                    "up": "none"
                }
            },
            "probability": 0.4
        },
        "location_predicate": {
            "predicate_type": "minecraft:always_true"
        },
        "output_state": {
            "Name": "minecraft:mossy_stone_brick_wall",
            "Properties": {
                "nord": "none",
                "sud": "none",
                "east": "true",
                "west": "none",
                "up": "none"
            }
        }
    },
    {
        "input_predicate": {
            "predicate_type": "minecraft:random_blockstate_match",
            "block_state": {
                "Name": "stone_brick_wall",
                "Properties": {
                    "nord": "none",
                    "sud": "none",
                    "east": "true",
                    "west": "none",
                    "up": "true"
                }
            },
            "probability": 0.4
        },
        "location_predicate": {
            "predicate_type": "minecraft:always_true"
        },
        "output_state": {
            "Name": "minecraft:mossy_stone_brick_wall",
            "Properties": {
                "nord": "none",
                "sud": "none",
                "east": "true",
                "west": "none",
                "up": "true"
            }
        }
    },
    {
        "input_predicate": {
            "predicate_type": "minecraft:random_blockstate_match",
            "block_state": {
                "Name": "stone_brick_wall",
                "Properties": {
                    "nord": "none",
                    "sud": "none",
                    "east": "true",
                    "west": "true",
                    "up": "none"
                }
            },
            "probability": 0.4
        },
        "location_predicate": {
            "predicate_type": "minecraft:always_true"
        },
        "output_state": {
            "Name": "minecraft:mossy_stone_brick_wall",
            "Properties": {
                "nord": "none",
                "sud": "none",
                "east": "true",
                "west": "true",
                "up": "none"
            }
        }
    },
    {
        "input_predicate": {
            "predicate_type": "minecraft:random_blockstate_match",
            "block_state": {
                "Name": "stone_brick_wall",
                "Properties": {
                    "nord": "none",
                    "sud": "none",
                    "east": "true",
                    "west": "true",
                    "up": "true"
                }
            },
            "probability": 0.4
        },
        "location_predicate": {
            "predicate_type": "minecraft:always_true"
        },
        "output_state": {
            "Name": "minecraft:mossy_stone_brick_wall",
            "Properties": {
                "nord": "none",
                "sud": "none",
                "east": "true",
                "west": "true",
                "up": "true"
            }
        }
    },
    {
        "input_predicate": {
            "predicate_type": "minecraft:random_blockstate_match",
            "block_state": {
                "Name": "stone_brick_wall",
                "Properties": {
                    "nord": "none",
                    "sud": "true",
                    "east": "none",
                    "west": "none",
                    "up": "none"
                }
            },
            "probability": 0.4
        },
        "location_predicate": {
            "predicate_type": "minecraft:always_true"
        },
        "output_state": {
            "Name": "minecraft:mossy_stone_brick_wall",
            "Properties": {
                "nord": "none",
                "sud": "true",
                "east": "none",
                "west": "none",
                "up": "none"
            }
        }
    },
    {
        "input_predicate": {
            "predicate_type": "minecraft:random_blockstate_match",
            "block_state": {
                "Name": "stone_brick_wall",
                "Properties": {
                    "nord": "none",
                    "sud": "true",
                    "east": "none",
                    "west": "none",
                    "up": "true"
                }
            },
            "probability": 0.4
        },
        "location_predicate": {
            "predicate_type": "minecraft:always_true"
        },
        "output_state": {
            "Name": "minecraft:mossy_stone_brick_wall",
            "Properties": {
                "nord": "none",
                "sud": "true",
                "east": "none",
                "west": "none",
                "up": "true"
            }
        }
    },
    {
        "input_predicate": {
            "predicate_type": "minecraft:random_blockstate_match",
            "block_state": {
                "Name": "stone_brick_wall",
                "Properties": {
                    "nord": "none",
                    "sud": "true",
                    "east": "none",
                    "west": "true",
                    "up": "none"
                }
            },
            "probability": 0.4
        },
        "location_predicate": {
            "predicate_type": "minecraft:always_true"
        },
        "output_state": {
            "Name": "minecraft:mossy_stone_brick_wall",
            "Properties": {
                "nord": "none",
                "sud": "true",
                "east": "none",
                "west": "true",
                "up": "none"
            }
        }
    },
    {
        "input_predicate": {
            "predicate_type": "minecraft:random_blockstate_match",
            "block_state": {
                "Name": "stone_brick_wall",
                "Properties": {
                    "nord": "none",
                    "sud": "true",
                    "east": "none",
                    "west": "true",
                    "up": "true"
                }
            },
            "probability": 0.4
        },
        "location_predicate": {
            "predicate_type": "minecraft:always_true"
        },
        "output_state": {
            "Name": "minecraft:mossy_stone_brick_wall",
            "Properties": {
                "nord": "none",
                "sud": "true",
                "east": "none",
                "west": "true",
                "up": "true"
            }
        }
    },
    {
        "input_predicate": {
            "predicate_type": "minecraft:random_blockstate_match",
            "block_state": {
                "Name": "stone_brick_wall",
                "Properties": {
                    "nord": "none",
                    "sud": "true",
                    "east": "true",
                    "west": "none",
                    "up": "none"
                }
            },
            "probability": 0.4
        },
        "location_predicate": {
            "predicate_type": "minecraft:always_true"
        },
        "output_state": {
            "Name": "minecraft:mossy_stone_brick_wall",
            "Properties": {
                "nord": "none",
                "sud": "true",
                "east": "true",
                "west": "none",
                "up": "none"
            }
        }
    },
    {
        "input_predicate": {
            "predicate_type": "minecraft:random_blockstate_match",
            "block_state": {
                "Name": "stone_brick_wall",
                "Properties": {
                    "nord": "none",
                    "sud": "true",
                    "east": "true",
                    "west": "none",
                    "up": "true"
                }
            },
            "probability": 0.4
        },
        "location_predicate": {
            "predicate_type": "minecraft:always_true"
        },
        "output_state": {
            "Name": "minecraft:mossy_stone_brick_wall",
            "Properties": {
                "nord": "none",
                "sud": "true",
                "east": "true",
                "west": "none",
                "up": "true"
            }
        }
    },
    {
        "input_predicate": {
            "predicate_type": "minecraft:random_blockstate_match",
            "block_state": {
                "Name": "stone_brick_wall",
                "Properties": {
                    "nord": "none",
                    "sud": "true",
                    "east": "true",
                    "west": "true",
                    "up": "none"
                }
            },
            "probability": 0.4
        },
        "location_predicate": {
            "predicate_type": "minecraft:always_true"
        },
        "output_state": {
            "Name": "minecraft:mossy_stone_brick_wall",
            "Properties": {
                "nord": "none",
                "sud": "true",
                "east": "true",
                "west": "true",
                "up": "none"
            }
        }
    },
    {
        "input_predicate": {
            "predicate_type": "minecraft:random_blockstate_match",
            "block_state": {
                "Name": "stone_brick_wall",
                "Properties": {
                    "nord": "none",
                    "sud": "true",
                    "east": "true",
                    "west": "true",
                    "up": "true"
                }
            },
            "probability": 0.4
        },
        "location_predicate": {
            "predicate_type": "minecraft:always_true"
        },
        "output_state": {
            "Name": "minecraft:mossy_stone_brick_wall",
            "Properties": {
                "nord": "none",
                "sud": "true",
                "east": "true",
                "west": "true",
                "up": "true"
            }
        }
    },
    {
        "input_predicate": {
            "predicate_type": "minecraft:random_blockstate_match",
            "block_state": {
                "Name": "stone_brick_wall",
                "Properties": {
                    "nord": "true",
                    "sud": "none",
                    "east": "none",
                    "west": "none",
                    "up": "none"
                }
            },
            "probability": 0.4
        },
        "location_predicate": {
            "predicate_type": "minecraft:always_true"
        },
        "output_state": {
            "Name": "minecraft:mossy_stone_brick_wall",
            "Properties": {
                "nord": "true",
                "sud": "none",
                "east": "none",
                "west": "none",
                "up": "none"
            }
        }
    },
    {
        "input_predicate": {
            "predicate_type": "minecraft:random_blockstate_match",
            "block_state": {
                "Name": "stone_brick_wall",
                "Properties": {
                    "nord": "true",
                    "sud": "none",
                    "east": "none",
                    "west": "none",
                    "up": "true"
                }
            },
            "probability": 0.4
        },
        "location_predicate": {
            "predicate_type": "minecraft:always_true"
        },
        "output_state": {
            "Name": "minecraft:mossy_stone_brick_wall",
            "Properties": {
                "nord": "true",
                "sud": "none",
                "east": "none",
                "west": "none",
                "up": "true"
            }
        }
    },
    {
        "input_predicate": {
            "predicate_type": "minecraft:random_blockstate_match",
            "block_state": {
                "Name": "stone_brick_wall",
                "Properties": {
                    "nord": "true",
                    "sud": "none",
                    "east": "none",
                    "west": "true",
                    "up": "none"
                }
            },
            "probability": 0.4
        },
        "location_predicate": {
            "predicate_type": "minecraft:always_true"
        },
        "output_state": {
            "Name": "minecraft:mossy_stone_brick_wall",
            "Properties": {
                "nord": "true",
                "sud": "none",
                "east": "none",
                "west": "true",
                "up": "none"
            }
        }
    },
    {
        "input_predicate": {
            "predicate_type": "minecraft:random_blockstate_match",
            "block_state": {
                "Name": "stone_brick_wall",
                "Properties": {
                    "nord": "true",
                    "sud": "none",
                    "east": "none",
                    "west": "true",
                    "up": "true"
                }
            },
            "probability": 0.4
        },
        "location_predicate": {
            "predicate_type": "minecraft:always_true"
        },
        "output_state": {
            "Name": "minecraft:mossy_stone_brick_wall",
            "Properties": {
                "nord": "true",
                "sud": "none",
                "east": "none",
                "west": "true",
                "up": "true"
            }
        }
    },
    {
        "input_predicate": {
            "predicate_type": "minecraft:random_blockstate_match",
            "block_state": {
                "Name": "stone_brick_wall",
                "Properties": {
                    "nord": "true",
                    "sud": "none",
                    "east": "true",
                    "west": "none",
                    "up": "none"
                }
            },
            "probability": 0.4
        },
        "location_predicate": {
            "predicate_type": "minecraft:always_true"
        },
        "output_state": {
            "Name": "minecraft:mossy_stone_brick_wall",
            "Properties": {
                "nord": "true",
                "sud": "none",
                "east": "true",
                "west": "none",
                "up": "none"
            }
        }
    },
    {
        "input_predicate": {
            "predicate_type": "minecraft:random_blockstate_match",
            "block_state": {
                "Name": "stone_brick_wall",
                "Properties": {
                    "nord": "true",
                    "sud": "none",
                    "east": "true",
                    "west": "none",
                    "up": "true"
                }
            },
            "probability": 0.4
        },
        "location_predicate": {
            "predicate_type": "minecraft:always_true"
        },
        "output_state": {
            "Name": "minecraft:mossy_stone_brick_wall",
            "Properties": {
                "nord": "true",
                "sud": "none",
                "east": "true",
                "west": "none",
                "up": "true"
            }
        }
    },
    {
        "input_predicate": {
            "predicate_type": "minecraft:random_blockstate_match",
            "block_state": {
                "Name": "stone_brick_wall",
                "Properties": {
                    "nord": "true",
                    "sud": "none",
                    "east": "true",
                    "west": "true",
                    "up": "none"
                }
            },
            "probability": 0.4
        },
        "location_predicate": {
            "predicate_type": "minecraft:always_true"
        },
        "output_state": {
            "Name": "minecraft:mossy_stone_brick_wall",
            "Properties": {
                "nord": "true",
                "sud": "none",
                "east": "true",
                "west": "true",
                "up": "none"
            }
        }
    },
    {
        "input_predicate": {
            "predicate_type": "minecraft:random_blockstate_match",
            "block_state": {
                "Name": "stone_brick_wall",
                "Properties": {
                    "nord": "true",
                    "sud": "none",
                    "east": "true",
                    "west": "true",
                    "up": "true"
                }
            },
            "probability": 0.4
        },
        "location_predicate": {
            "predicate_type": "minecraft:always_true"
        },
        "output_state": {
            "Name": "minecraft:mossy_stone_brick_wall",
            "Properties": {
                "nord": "true",
                "sud": "none",
                "east": "true",
                "west": "true",
                "up": "true"
            }
        }
    },
    {
        "input_predicate": {
            "predicate_type": "minecraft:random_blockstate_match",
            "block_state": {
                "Name": "stone_brick_wall",
                "Properties": {
                    "nord": "true",
                    "sud": "true",
                    "east": "none",
                    "west": "none",
                    "up": "none"
                }
            },
            "probability": 0.4
        },
        "location_predicate": {
            "predicate_type": "minecraft:always_true"
        },
        "output_state": {
            "Name": "minecraft:mossy_stone_brick_wall",
            "Properties": {
                "nord": "true",
                "sud": "true",
                "east": "none",
                "west": "none",
                "up": "none"
            }
        }
    },
    {
        "input_predicate": {
            "predicate_type": "minecraft:random_blockstate_match",
            "block_state": {
                "Name": "stone_brick_wall",
                "Properties": {
                    "nord": "true",
                    "sud": "true",
                    "east": "none",
                    "west": "none",
                    "up": "true"
                }
            },
            "probability": 0.4
        },
        "location_predicate": {
            "predicate_type": "minecraft:always_true"
        },
        "output_state": {
            "Name": "minecraft:mossy_stone_brick_wall",
            "Properties": {
                "nord": "true",
                "sud": "true",
                "east": "none",
                "west": "none",
                "up": "true"
            }
        }
    },
    {
        "input_predicate": {
            "predicate_type": "minecraft:random_blockstate_match",
            "block_state": {
                "Name": "stone_brick_wall",
                "Properties": {
                    "nord": "true",
                    "sud": "true",
                    "east": "none",
                    "west": "true",
                    "up": "none"
                }
            },
            "probability": 0.4
        },
        "location_predicate": {
            "predicate_type": "minecraft:always_true"
        },
        "output_state": {
            "Name": "minecraft:mossy_stone_brick_wall",
            "Properties": {
                "nord": "true",
                "sud": "true",
                "east": "none",
                "west": "true",
                "up": "none"
            }
        }
    },
    {
        "input_predicate": {
            "predicate_type": "minecraft:random_blockstate_match",
            "block_state": {
                "Name": "stone_brick_wall",
                "Properties": {
                    "nord": "true",
                    "sud": "true",
                    "east": "none",
                    "west": "true",
                    "up": "true"
                }
            },
            "probability": 0.4
        },
        "location_predicate": {
            "predicate_type": "minecraft:always_true"
        },
        "output_state": {
            "Name": "minecraft:mossy_stone_brick_wall",
            "Properties": {
                "nord": "true",
                "sud": "true",
                "east": "none",
                "west": "true",
                "up": "true"
            }
        }
    },
    {
        "input_predicate": {
            "predicate_type": "minecraft:random_blockstate_match",
            "block_state": {
                "Name": "stone_brick_wall",
                "Properties": {
                    "nord": "true",
                    "sud": "true",
                    "east": "true",
                    "west": "none",
                    "up": "none"
                }
            },
            "probability": 0.4
        },
        "location_predicate": {
            "predicate_type": "minecraft:always_true"
        },
        "output_state": {
            "Name": "minecraft:mossy_stone_brick_wall",
            "Properties": {
                "nord": "true",
                "sud": "true",
                "east": "true",
                "west": "none",
                "up": "none"
            }
        }
    },
    {
        "input_predicate": {
            "predicate_type": "minecraft:random_blockstate_match",
            "block_state": {
                "Name": "stone_brick_wall",
                "Properties": {
                    "nord": "true",
                    "sud": "true",
                    "east": "true",
                    "west": "none",
                    "up": "true"
                }
            },
            "probability": 0.4
        },
        "location_predicate": {
            "predicate_type": "minecraft:always_true"
        },
        "output_state": {
            "Name": "minecraft:mossy_stone_brick_wall",
            "Properties": {
                "nord": "true",
                "sud": "true",
                "east": "true",
                "west": "none",
                "up": "true"
            }
        }
    },
    {
        "input_predicate": {
            "predicate_type": "minecraft:random_blockstate_match",
            "block_state": {
                "Name": "stone_brick_wall",
                "Properties": {
                    "nord": "true",
                    "sud": "true",
                    "east": "true",
                    "west": "true",
                    "up": "none"
                }
            },
            "probability": 0.4
        },
        "location_predicate": {
            "predicate_type": "minecraft:always_true"
        },
        "output_state": {
            "Name": "minecraft:mossy_stone_brick_wall",
            "Properties": {
                "nord": "true",
                "sud": "true",
                "east": "true",
                "west": "true",
                "up": "none"
            }
        }
    },
    {
        "input_predicate": {
            "predicate_type": "minecraft:random_blockstate_match",
            "block_state": {
                "Name": "stone_brick_wall",
                "Properties": {
                    "nord": "true",
                    "sud": "true",
                    "east": "true",
                    "west": "true",
                    "up": "true"
                }
            },
            "probability": 0.4
        },
        "location_predicate": {
            "predicate_type": "minecraft:always_true"
        },
        "output_state": {
            "Name": "minecraft:mossy_stone_brick_wall",
            "Properties": {
                "nord": "true",
                "sud": "true",
                "east": "true",
                "west": "true",
                "up": "true"
            }
        }
    },
        

		{
        "input_predicate": {
            "predicate_type": "minecraft:random_blockstate_match",
            "block_state": {
                "Name": "stone_brick_wall",
                "Properties": {
                    "nord": "none",
                    "sud": "none",
                    "east": "none",
                    "west": "none",
                    "up": "none"
                }
            },
            "probability": 0.2
        },
        "location_predicate": {
            "predicate_type": "minecraft:always_true"
        },
        "output_state": {
            "Name": "minecraft:cobblestone_wall",
            "Properties": {
                "nord": "none",
                "sud": "none",
                "east": "none",
                "west": "none",
                "up": "none"
            }
        }
    },
    {
        "input_predicate": {
            "predicate_type": "minecraft:random_blockstate_match",
            "block_state": {
                "Name": "stone_brick_wall",
                "Properties": {
                    "nord": "none",
                    "sud": "none",
                    "east": "none",
                    "west": "none",
                    "up": "true"
                }
            },
            "probability": 0.2
        },
        "location_predicate": {
            "predicate_type": "minecraft:always_true"
        },
        "output_state": {
            "Name": "minecraft:cobblestone_wall",
            "Properties": {
                "nord": "none",
                "sud": "none",
                "east": "none",
                "west": "none",
                "up": "true"
            }
        }
    },
    {
        "input_predicate": {
            "predicate_type": "minecraft:random_blockstate_match",
            "block_state": {
                "Name": "stone_brick_wall",
                "Properties": {
                    "nord": "none",
                    "sud": "none",
                    "east": "none",
                    "west": "true",
                    "up": "none"
                }
            },
            "probability": 0.2
        },
        "location_predicate": {
            "predicate_type": "minecraft:always_true"
        },
        "output_state": {
            "Name": "minecraft:cobblestone_wall",
            "Properties": {
                "nord": "none",
                "sud": "none",
                "east": "none",
                "west": "true",
                "up": "none"
            }
        }
    },
    {
        "input_predicate": {
            "predicate_type": "minecraft:random_blockstate_match",
            "block_state": {
                "Name": "stone_brick_wall",
                "Properties": {
                    "nord": "none",
                    "sud": "none",
                    "east": "none",
                    "west": "true",
                    "up": "true"
                }
            },
            "probability": 0.2
        },
        "location_predicate": {
            "predicate_type": "minecraft:always_true"
        },
        "output_state": {
            "Name": "minecraft:cobblestone_wall",
            "Properties": {
                "nord": "none",
                "sud": "none",
                "east": "none",
                "west": "true",
                "up": "true"
            }
        }
    },
    {
        "input_predicate": {
            "predicate_type": "minecraft:random_blockstate_match",
            "block_state": {
                "Name": "stone_brick_wall",
                "Properties": {
                    "nord": "none",
                    "sud": "none",
                    "east": "true",
                    "west": "none",
                    "up": "none"
                }
            },
            "probability": 0.2
        },
        "location_predicate": {
            "predicate_type": "minecraft:always_true"
        },
        "output_state": {
            "Name": "minecraft:cobblestone_wall",
            "Properties": {
                "nord": "none",
                "sud": "none",
                "east": "true",
                "west": "none",
                "up": "none"
            }
        }
    },
    {
        "input_predicate": {
            "predicate_type": "minecraft:random_blockstate_match",
            "block_state": {
                "Name": "stone_brick_wall",
                "Properties": {
                    "nord": "none",
                    "sud": "none",
                    "east": "true",
                    "west": "none",
                    "up": "true"
                }
            },
            "probability": 0.2
        },
        "location_predicate": {
            "predicate_type": "minecraft:always_true"
        },
        "output_state": {
            "Name": "minecraft:cobblestone_wall",
            "Properties": {
                "nord": "none",
                "sud": "none",
                "east": "true",
                "west": "none",
                "up": "true"
            }
        }
    },
    {
        "input_predicate": {
            "predicate_type": "minecraft:random_blockstate_match",
            "block_state": {
                "Name": "stone_brick_wall",
                "Properties": {
                    "nord": "none",
                    "sud": "none",
                    "east": "true",
                    "west": "true",
                    "up": "none"
                }
            },
            "probability": 0.2
        },
        "location_predicate": {
            "predicate_type": "minecraft:always_true"
        },
        "output_state": {
            "Name": "minecraft:cobblestone_wall",
            "Properties": {
                "nord": "none",
                "sud": "none",
                "east": "true",
                "west": "true",
                "up": "none"
            }
        }
    },
    {
        "input_predicate": {
            "predicate_type": "minecraft:random_blockstate_match",
            "block_state": {
                "Name": "stone_brick_wall",
                "Properties": {
                    "nord": "none",
                    "sud": "none",
                    "east": "true",
                    "west": "true",
                    "up": "true"
                }
            },
            "probability": 0.2
        },
        "location_predicate": {
            "predicate_type": "minecraft:always_true"
        },
        "output_state": {
            "Name": "minecraft:cobblestone_wall",
            "Properties": {
                "nord": "none",
                "sud": "none",
                "east": "true",
                "west": "true",
                "up": "true"
            }
        }
    },
    {
        "input_predicate": {
            "predicate_type": "minecraft:random_blockstate_match",
            "block_state": {
                "Name": "stone_brick_wall",
                "Properties": {
                    "nord": "none",
                    "sud": "true",
                    "east": "none",
                    "west": "none",
                    "up": "none"
                }
            },
            "probability": 0.2
        },
        "location_predicate": {
            "predicate_type": "minecraft:always_true"
        },
        "output_state": {
            "Name": "minecraft:cobblestone_wall",
            "Properties": {
                "nord": "none",
                "sud": "true",
                "east": "none",
                "west": "none",
                "up": "none"
            }
        }
    },
    {
        "input_predicate": {
            "predicate_type": "minecraft:random_blockstate_match",
            "block_state": {
                "Name": "stone_brick_wall",
                "Properties": {
                    "nord": "none",
                    "sud": "true",
                    "east": "none",
                    "west": "none",
                    "up": "true"
                }
            },
            "probability": 0.2
        },
        "location_predicate": {
            "predicate_type": "minecraft:always_true"
        },
        "output_state": {
            "Name": "minecraft:cobblestone_wall",
            "Properties": {
                "nord": "none",
                "sud": "true",
                "east": "none",
                "west": "none",
                "up": "true"
            }
        }
    },
    {
        "input_predicate": {
            "predicate_type": "minecraft:random_blockstate_match",
            "block_state": {
                "Name": "stone_brick_wall",
                "Properties": {
                    "nord": "none",
                    "sud": "true",
                    "east": "none",
                    "west": "true",
                    "up": "none"
                }
            },
            "probability": 0.2
        },
        "location_predicate": {
            "predicate_type": "minecraft:always_true"
        },
        "output_state": {
            "Name": "minecraft:cobblestone_wall",
            "Properties": {
                "nord": "none",
                "sud": "true",
                "east": "none",
                "west": "true",
                "up": "none"
            }
        }
    },
    {
        "input_predicate": {
            "predicate_type": "minecraft:random_blockstate_match",
            "block_state": {
                "Name": "stone_brick_wall",
                "Properties": {
                    "nord": "none",
                    "sud": "true",
                    "east": "none",
                    "west": "true",
                    "up": "true"
                }
            },
            "probability": 0.2
        },
        "location_predicate": {
            "predicate_type": "minecraft:always_true"
        },
        "output_state": {
            "Name": "minecraft:cobblestone_wall",
            "Properties": {
                "nord": "none",
                "sud": "true",
                "east": "none",
                "west": "true",
                "up": "true"
            }
        }
    },
    {
        "input_predicate": {
            "predicate_type": "minecraft:random_blockstate_match",
            "block_state": {
                "Name": "stone_brick_wall",
                "Properties": {
                    "nord": "none",
                    "sud": "true",
                    "east": "true",
                    "west": "none",
                    "up": "none"
                }
            },
            "probability": 0.2
        },
        "location_predicate": {
            "predicate_type": "minecraft:always_true"
        },
        "output_state": {
            "Name": "minecraft:cobblestone_wall",
            "Properties": {
                "nord": "none",
                "sud": "true",
                "east": "true",
                "west": "none",
                "up": "none"
            }
        }
    },
    {
        "input_predicate": {
            "predicate_type": "minecraft:random_blockstate_match",
            "block_state": {
                "Name": "stone_brick_wall",
                "Properties": {
                    "nord": "none",
                    "sud": "true",
                    "east": "true",
                    "west": "none",
                    "up": "true"
                }
            },
            "probability": 0.2
        },
        "location_predicate": {
            "predicate_type": "minecraft:always_true"
        },
        "output_state": {
            "Name": "minecraft:cobblestone_wall",
            "Properties": {
                "nord": "none",
                "sud": "true",
                "east": "true",
                "west": "none",
                "up": "true"
            }
        }
    },
    {
        "input_predicate": {
            "predicate_type": "minecraft:random_blockstate_match",
            "block_state": {
                "Name": "stone_brick_wall",
                "Properties": {
                    "nord": "none",
                    "sud": "true",
                    "east": "true",
                    "west": "true",
                    "up": "none"
                }
            },
            "probability": 0.2
        },
        "location_predicate": {
            "predicate_type": "minecraft:always_true"
        },
        "output_state": {
            "Name": "minecraft:cobblestone_wall",
            "Properties": {
                "nord": "none",
                "sud": "true",
                "east": "true",
                "west": "true",
                "up": "none"
            }
        }
    },
    {
        "input_predicate": {
            "predicate_type": "minecraft:random_blockstate_match",
            "block_state": {
                "Name": "stone_brick_wall",
                "Properties": {
                    "nord": "none",
                    "sud": "true",
                    "east": "true",
                    "west": "true",
                    "up": "true"
                }
            },
            "probability": 0.2
        },
        "location_predicate": {
            "predicate_type": "minecraft:always_true"
        },
        "output_state": {
            "Name": "minecraft:cobblestone_wall",
            "Properties": {
                "nord": "none",
                "sud": "true",
                "east": "true",
                "west": "true",
                "up": "true"
            }
        }
    },
    {
        "input_predicate": {
            "predicate_type": "minecraft:random_blockstate_match",
            "block_state": {
                "Name": "stone_brick_wall",
                "Properties": {
                    "nord": "true",
                    "sud": "none",
                    "east": "none",
                    "west": "none",
                    "up": "none"
                }
            },
            "probability": 0.2
        },
        "location_predicate": {
            "predicate_type": "minecraft:always_true"
        },
        "output_state": {
            "Name": "minecraft:cobblestone_wall",
            "Properties": {
                "nord": "true",
                "sud": "none",
                "east": "none",
                "west": "none",
                "up": "none"
            }
        }
    },
    {
        "input_predicate": {
            "predicate_type": "minecraft:random_blockstate_match",
            "block_state": {
                "Name": "stone_brick_wall",
                "Properties": {
                    "nord": "true",
                    "sud": "none",
                    "east": "none",
                    "west": "none",
                    "up": "true"
                }
            },
            "probability": 0.2
        },
        "location_predicate": {
            "predicate_type": "minecraft:always_true"
        },
        "output_state": {
            "Name": "minecraft:cobblestone_wall",
            "Properties": {
                "nord": "true",
                "sud": "none",
                "east": "none",
                "west": "none",
                "up": "true"
            }
        }
    },
    {
        "input_predicate": {
            "predicate_type": "minecraft:random_blockstate_match",
            "block_state": {
                "Name": "stone_brick_wall",
                "Properties": {
                    "nord": "true",
                    "sud": "none",
                    "east": "none",
                    "west": "true",
                    "up": "none"
                }
            },
            "probability": 0.2
        },
        "location_predicate": {
            "predicate_type": "minecraft:always_true"
        },
        "output_state": {
            "Name": "minecraft:cobblestone_wall",
            "Properties": {
                "nord": "true",
                "sud": "none",
                "east": "none",
                "west": "true",
                "up": "none"
            }
        }
    },
    {
        "input_predicate": {
            "predicate_type": "minecraft:random_blockstate_match",
            "block_state": {
                "Name": "stone_brick_wall",
                "Properties": {
                    "nord": "true",
                    "sud": "none",
                    "east": "none",
                    "west": "true",
                    "up": "true"
                }
            },
            "probability": 0.2
        },
        "location_predicate": {
            "predicate_type": "minecraft:always_true"
        },
        "output_state": {
            "Name": "minecraft:cobblestone_wall",
            "Properties": {
                "nord": "true",
                "sud": "none",
                "east": "none",
                "west": "true",
                "up": "true"
            }
        }
    },
    {
        "input_predicate": {
            "predicate_type": "minecraft:random_blockstate_match",
            "block_state": {
                "Name": "stone_brick_wall",
                "Properties": {
                    "nord": "true",
                    "sud": "none",
                    "east": "true",
                    "west": "none",
                    "up": "none"
                }
            },
            "probability": 0.2
        },
        "location_predicate": {
            "predicate_type": "minecraft:always_true"
        },
        "output_state": {
            "Name": "minecraft:cobblestone_wall",
            "Properties": {
                "nord": "true",
                "sud": "none",
                "east": "true",
                "west": "none",
                "up": "none"
            }
        }
    },
    {
        "input_predicate": {
            "predicate_type": "minecraft:random_blockstate_match",
            "block_state": {
                "Name": "stone_brick_wall",
                "Properties": {
                    "nord": "true",
                    "sud": "none",
                    "east": "true",
                    "west": "none",
                    "up": "true"
                }
            },
            "probability": 0.2
        },
        "location_predicate": {
            "predicate_type": "minecraft:always_true"
        },
        "output_state": {
            "Name": "minecraft:cobblestone_wall",
            "Properties": {
                "nord": "true",
                "sud": "none",
                "east": "true",
                "west": "none",
                "up": "true"
            }
        }
    },
    {
        "input_predicate": {
            "predicate_type": "minecraft:random_blockstate_match",
            "block_state": {
                "Name": "stone_brick_wall",
                "Properties": {
                    "nord": "true",
                    "sud": "none",
                    "east": "true",
                    "west": "true",
                    "up": "none"
                }
            },
            "probability": 0.2
        },
        "location_predicate": {
            "predicate_type": "minecraft:always_true"
        },
        "output_state": {
            "Name": "minecraft:cobblestone_wall",
            "Properties": {
                "nord": "true",
                "sud": "none",
                "east": "true",
                "west": "true",
                "up": "none"
            }
        }
    },
    {
        "input_predicate": {
            "predicate_type": "minecraft:random_blockstate_match",
            "block_state": {
                "Name": "stone_brick_wall",
                "Properties": {
                    "nord": "true",
                    "sud": "none",
                    "east": "true",
                    "west": "true",
                    "up": "true"
                }
            },
            "probability": 0.2
        },
        "location_predicate": {
            "predicate_type": "minecraft:always_true"
        },
        "output_state": {
            "Name": "minecraft:cobblestone_wall",
            "Properties": {
                "nord": "true",
                "sud": "none",
                "east": "true",
                "west": "true",
                "up": "true"
            }
        }
    },
    {
        "input_predicate": {
            "predicate_type": "minecraft:random_blockstate_match",
            "block_state": {
                "Name": "stone_brick_wall",
                "Properties": {
                    "nord": "true",
                    "sud": "true",
                    "east": "none",
                    "west": "none",
                    "up": "none"
                }
            },
            "probability": 0.2
        },
        "location_predicate": {
            "predicate_type": "minecraft:always_true"
        },
        "output_state": {
            "Name": "minecraft:cobblestone_wall",
            "Properties": {
                "nord": "true",
                "sud": "true",
                "east": "none",
                "west": "none",
                "up": "none"
            }
        }
    },
    {
        "input_predicate": {
            "predicate_type": "minecraft:random_blockstate_match",
            "block_state": {
                "Name": "stone_brick_wall",
                "Properties": {
                    "nord": "true",
                    "sud": "true",
                    "east": "none",
                    "west": "none",
                    "up": "true"
                }
            },
            "probability": 0.2
        },
        "location_predicate": {
            "predicate_type": "minecraft:always_true"
        },
        "output_state": {
            "Name": "minecraft:cobblestone_wall",
            "Properties": {
                "nord": "true",
                "sud": "true",
                "east": "none",
                "west": "none",
                "up": "true"
            }
        }
    },
    {
        "input_predicate": {
            "predicate_type": "minecraft:random_blockstate_match",
            "block_state": {
                "Name": "stone_brick_wall",
                "Properties": {
                    "nord": "true",
                    "sud": "true",
                    "east": "none",
                    "west": "true",
                    "up": "none"
                }
            },
            "probability": 0.2
        },
        "location_predicate": {
            "predicate_type": "minecraft:always_true"
        },
        "output_state": {
            "Name": "minecraft:cobblestone_wall",
            "Properties": {
                "nord": "true",
                "sud": "true",
                "east": "none",
                "west": "true",
                "up": "none"
            }
        }
    },
    {
        "input_predicate": {
            "predicate_type": "minecraft:random_blockstate_match",
            "block_state": {
                "Name": "stone_brick_wall",
                "Properties": {
                    "nord": "true",
                    "sud": "true",
                    "east": "none",
                    "west": "true",
                    "up": "true"
                }
            },
            "probability": 0.2
        },
        "location_predicate": {
            "predicate_type": "minecraft:always_true"
        },
        "output_state": {
            "Name": "minecraft:cobblestone_wall",
            "Properties": {
                "nord": "true",
                "sud": "true",
                "east": "none",
                "west": "true",
                "up": "true"
            }
        }
    },
    {
        "input_predicate": {
            "predicate_type": "minecraft:random_blockstate_match",
            "block_state": {
                "Name": "stone_brick_wall",
                "Properties": {
                    "nord": "true",
                    "sud": "true",
                    "east": "true",
                    "west": "none",
                    "up": "none"
                }
            },
            "probability": 0.2
        },
        "location_predicate": {
            "predicate_type": "minecraft:always_true"
        },
        "output_state": {
            "Name": "minecraft:cobblestone_wall",
            "Properties": {
                "nord": "true",
                "sud": "true",
                "east": "true",
                "west": "none",
                "up": "none"
            }
        }
    },
    {
        "input_predicate": {
            "predicate_type": "minecraft:random_blockstate_match",
            "block_state": {
                "Name": "stone_brick_wall",
                "Properties": {
                    "nord": "true",
                    "sud": "true",
                    "east": "true",
                    "west": "none",
                    "up": "true"
                }
            },
            "probability": 0.2
        },
        "location_predicate": {
            "predicate_type": "minecraft:always_true"
        },
        "output_state": {
            "Name": "minecraft:cobblestone_wall",
            "Properties": {
                "nord": "true",
                "sud": "true",
                "east": "true",
                "west": "none",
                "up": "true"
            }
        }
    },
    {
        "input_predicate": {
            "predicate_type": "minecraft:random_blockstate_match",
            "block_state": {
                "Name": "stone_brick_wall",
                "Properties": {
                    "nord": "true",
                    "sud": "true",
                    "east": "true",
                    "west": "true",
                    "up": "none"
                }
            },
            "probability": 0.2
        },
        "location_predicate": {
            "predicate_type": "minecraft:always_true"
        },
        "output_state": {
            "Name": "minecraft:cobblestone_wall",
            "Properties": {
                "nord": "true",
                "sud": "true",
                "east": "true",
                "west": "true",
                "up": "none"
            }
        }
    },
    {
        "input_predicate": {
            "predicate_type": "minecraft:random_blockstate_match",
            "block_state": {
                "Name": "stone_brick_wall",
                "Properties": {
                    "nord": "true",
                    "sud": "true",
                    "east": "true",
                    "west": "true",
                    "up": "true"
                }
            },
            "probability": 0.2
        },
        "location_predicate": {
            "predicate_type": "minecraft:always_true"
        },
        "output_state": {
            "Name": "minecraft:cobblestone_wall",
            "Properties": {
                "nord": "true",
                "sud": "true",
                "east": "true",
                "west": "true",
                "up": "true"
            }
        }
    },
    
     {
        "input_predicate": {
            "predicate_type": "minecraft:random_blockstate_match",
            "block_state": {
                "Name": "stone_brick_stairs",
                "Properties": {
                    "facing": "north",
                    "half": "top"
                }
            },
            "probability": 0.4
        },
        "location_predicate": {
            "predicate_type": "minecraft:always_true"
        },
        "output_state": {
            "Name": "minecraft:mossy_stone_brick_stairs",
            "Properties": {
                "facing": "north",
                "half": "top"
            }
        }
    },
    {
        "input_predicate": {
            "predicate_type": "minecraft:random_blockstate_match",
            "block_state": {
                "Name": "stone_brick_stairs",
                "Properties": {
                    "facing": "north",
                    "half": "bottom"
                }
            },
            "probability": 0.4
        },
        "location_predicate": {
            "predicate_type": "minecraft:always_true"
        },
        "output_state": {
            "Name": "minecraft:mossy_stone_brick_stairs",
            "Properties": {
                "facing": "north",
                "half": "bottom"
            }
        }
    },
    {
        "input_predicate": {
            "predicate_type": "minecraft:random_blockstate_match",
            "block_state": {
                "Name": "stone_brick_stairs",
                "Properties": {
                    "facing": "west",
                    "half": "top"
                }
            },
            "probability": 0.4
        },
        "location_predicate": {
            "predicate_type": "minecraft:always_true"
        },
        "output_state": {
            "Name": "minecraft:mossy_stone_brick_stairs",
            "Properties": {
                "facing": "west",
                "half": "top"
            }
        }
    },
    {
        "input_predicate": {
            "predicate_type": "minecraft:random_blockstate_match",
            "block_state": {
                "Name": "stone_brick_stairs",
                "Properties": {
                    "facing": "west",
                    "half": "bottom"
                }
            },
            "probability": 0.4
        },
        "location_predicate": {
            "predicate_type": "minecraft:always_true"
        },
        "output_state": {
            "Name": "minecraft:mossy_stone_brick_stairs",
            "Properties": {
                "facing": "west",
                "half": "bottom"
            }
        }
    },
    {
        "input_predicate": {
            "predicate_type": "minecraft:random_blockstate_match",
            "block_state": {
                "Name": "stone_brick_stairs",
                "Properties": {
                    "facing": "east",
                    "half": "top"
                }
            },
            "probability": 0.4
        },
        "location_predicate": {
            "predicate_type": "minecraft:always_true"
        },
        "output_state": {
            "Name": "minecraft:mossy_stone_brick_stairs",
            "Properties": {
                "facing": "east",
                "half": "top"
            }
        }
    },
    {
        "input_predicate": {
            "predicate_type": "minecraft:random_blockstate_match",
            "block_state": {
                "Name": "stone_brick_stairs",
                "Properties": {
                    "facing": "east",
                    "half": "bottom"
                }
            },
            "probability": 0.4
        },
        "location_predicate": {
            "predicate_type": "minecraft:always_true"
        },
        "output_state": {
            "Name": "minecraft:mossy_stone_brick_stairs",
            "Properties": {
                "facing": "east",
                "half": "bottom"
            }
        }
    },
    {
        "input_predicate": {
            "predicate_type": "minecraft:random_blockstate_match",
            "block_state": {
                "Name": "stone_brick_stairs",
                "Properties": {
                    "facing": "south",
                    "half": "top"
                }
            },
            "probability": 0.4
        },
        "location_predicate": {
            "predicate_type": "minecraft:always_true"
        },
        "output_state": {
            "Name": "minecraft:mossy_stone_brick_stairs",
            "Properties": {
                "facing": "south",
                "half": "top"
            }
        }
    },
    {
        "input_predicate": {
            "predicate_type": "minecraft:random_blockstate_match",
            "block_state": {
                "Name": "stone_brick_stairs",
                "Properties": {
                    "facing": "south",
                    "half": "bottom"
                }
            },
            "probability": 0.4
        },
        "location_predicate": {
            "predicate_type": "minecraft:always_true"
        },
        "output_state": {
            "Name": "minecraft:mossy_stone_brick_stairs",
            "Properties": {
                "facing": "south",
                "half": "bottom"
            }
        }
    }
        
      ]
    }
  ]
}