{
  "parent": "minecraft:adventure/root",
  "criteria": {
    "enter_tower": {
      "conditions": {
        "player": [
          {
            "condition": "minecraft:entity_properties",
            "entity": "this",
            "predicate": {
              "location": {
                "structures": "#ddd:tower"
              }
            }
          }
        ]
      },
      "trigger": "minecraft:location"
    }
  },
  "display": {
    "announce_to_chat": true,
    "description": {
      "translate": "Find a solitary tower"
    },
    "icon": {
      "count": 1,
      "id": "minecraft:stone_bricks"
    },
    "title": {
      "translate": "Reverse tower defense"
    }
  },
  "requirements": [
    [
      "enter_tower"
    ]
  ],
    "rewards": {
    "experience": 20
  },
  "sends_telemetry_event": true
}