{
  "parent": "minecraft:recipes/root",
  "criteria": {
    "requirement": {
      "trigger": "minecraft:inventory_changed",
      "conditions": {
        "items": [
          {
            "items": [
              "minecraft:white_glazed_terracotta",
              "minecraft:orange_glazed_terracotta",
              "minecraft:magenta_glazed_terracotta",
              "minecraft:light_blue_glazed_terracotta",
              "minecraft:yellow_glazed_terracotta",
              "minecraft:lime_glazed_terracotta",
              "minecraft:pink_glazed_terracotta",
              "minecraft:gray_glazed_terracotta",
              "minecraft:light_gray_glazed_terracotta",
              "minecraft:cyan_glazed_terracotta",
              "minecraft:purple_glazed_terracotta",
              "minecraft:blue_glazed_terracotta",
              "minecraft:brown_glazed_terracotta",
              "minecraft:green_glazed_terracotta",
              "minecraft:red_glazed_terracotta",
              "minecraft:black_glazed_terracotta"
            ]
          }
        ]
      }
    }
  },
  "rewards": {
    "recipes": [
      "purpur:black_glazed_terracotta_from_crafting",
      "purpur:blue_glazed_terracotta_from_crafting",
      "purpur:brown_glazed_terracotta_from_crafting",
      "purpur:cyan_glazed_terracotta_from_crafting",
      "purpur:gray_glazed_terracotta_from_crafting",
      "purpur:green_glazed_terracotta_from_crafting",
      "purpur:light_blue_glazed_terracotta_from_crafting",
      "purpur:light_gray_glazed_terracotta_from_crafting",
      "purpur:lime_glazed_terracotta_from_crafting",
      "purpur:magenta_glazed_terracotta_from_crafting",
      "purpur:orange_glazed_terracotta_from_crafting",
      "purpur:pink_glazed_terracotta_from_crafting",
      "purpur:purple_glazed_terracotta_from_crafting",
      "purpur:red_glazed_terracotta_from_crafting",
      "purpur:white_glazed_terracotta_from_crafting",
      "purpur:yellow_glazed_terracotta_from_crafting"
    ]
  }
}
