{
  "elements": [
    {
      "element": {
        "element_type": "minecraft:legacy_single_pool_element",
        "location": "ddd:dungeon/common/small_spawners_liv3/zombie_spawner_small",
        "processors": "ddd:aging_deepslate_bricks",
        "projection": "rigid"
      },
      "weight": 3
    },
    {
      "element": {
        "element_type": "minecraft:legacy_single_pool_element",
        "location": "ddd:dungeon/common/small_spawners_liv3/skeleton_spawner_small",
        "processors": "ddd:aging_deepslate_bricks",
        "projection": "rigid"
      },
      "weight": 3
    },
    {
      "element": {
        "element_type": "minecraft:legacy_single_pool_element",
        "location": "ddd:dungeon/common/small_spawners_liv3/golden_zombie_spawner_small",
        "processors": "ddd:aging_deepslate_bricks",
        "projection": "rigid"
      },
      "weight": 3
    },
    {
      "element": {
        "element_type": "minecraft:legacy_single_pool_element",
        "location": "ddd:dungeon/common/small_spawners_liv3/iron_zombie_spawner_small",
        "processors": "ddd:aging_deepslate_bricks",
        "projection": "rigid"
      },
      "weight": 4
    },
    {
      "element": {
        "element_type": "minecraft:legacy_single_pool_element",
        "location": "ddd:dungeon/common/small_spawners_liv3/golden_skeleton_spawner_small",
        "processors": "ddd:aging_deepslate_bricks",
        "projection": "rigid"
      },
      "weight": 3
    },
    {
      "element": {
        "element_type": "minecraft:legacy_single_pool_element",
        "location": "ddd:dungeon/common/small_spawners_liv3/iron_skeleton_spawner_small",
        "processors": "ddd:aging_deepslate_bricks",
        "projection": "rigid"
      },
      "weight": 4
    },
        {
      "element": {
        "element_type": "minecraft:legacy_single_pool_element",
        "location": "ddd:dungeon/common/small_spawners_liv3/stray_spawner_small",
        "processors": "ddd:aging_deepslate_bricks",
        "projection": "rigid"
      },
      "weight": 3
    },
        {
      "element": {
        "element_type": "minecraft:legacy_single_pool_element",
        "location": "ddd:dungeon/common/small_spawners_liv3/spider_spawner_small",
        "processors": "ddd:cobweb_50",
        "projection": "rigid"
      },
      "weight": 3
    },
    {
      "element": {
        "element_type": "minecraft:legacy_single_pool_element",
        "location": "ddd:dungeon/common/small_spawners_liv3/cave_spider_spawner_small",
        "processors": "ddd:cobweb_50",
        "projection": "rigid"
      },
      "weight": 1
    }
  ],
  "fallback": "minecraft:empty"
}